--INSERT INSTRUCTORS
INSERT INTO INSTRUCTOR
VALUES
(50,'Mahmoud','Shirazi')

INSERT INTO INSTRUCTOR
VALUES
(44,'Parvin','Razaghi')

INSERT INTO INSTRUCTOR
VALUES
(45,'Ebrahim','Ansari')

INSERT INTO INSTRUCTOR
VALUES
(46,'Hadi','Abdi khojasteh')

INSERT INTO INSTRUCTOR
VALUES
(47,'Mahdi','Bohlouli')

INSERT INTO INSTRUCTOR
VALUES
(48,'Masoor','Davoudi')

INSERT INTO INSTRUCTOR
VALUES
(49,'Zahra','Narimani')


--INSERT COURSE
INSERT INTO COURSE 
VALUES
(1,'Programming','Fall',3,44,85,75,65,55,0)

INSERT INTO COURSE 
VALUES
(2,'Sofrware','Spring',1,45,95,85,70,55,0)

INSERT INTO COURSE 
VALUES
(3,'English','Fall',3,46,85,75,65,55,0)

INSERT INTO COURSE 
VALUES
(4,'Algorithm design','Fall',3,47,95,85,70,55,0)

INSERT INTO COURSE 
VALUES
(5,'Computer architecture','Spring',1,48,85,75,60,45,0)

INSERT INTO COURSE 
VALUES
(6,'AI','Winter',2,49,95,85,70,55,0)

INSERT INTO COURSE 
VALUES
(7,'Database','Spring',1,50,95,85,70,55,0)


--INSERT STUDENT
INSERT INTO STUDENT
VALUES
(964401,'Arya','Azimi','arya.azimi')

INSERT INTO STUDENT
VALUES
(964418,'Solmaz','Mohammadi','solmaz.mohammadi')

INSERT INTO STUDENT
VALUES
(964406,'Sepide','Bahrami','sepide.bahrami')

INSERT INTO STUDENT
VALUES
(964403,'Navid','Khalili','navid.khalili')

--INSERT TAKE
INSERT INTO TAKE(STUDENT_ID,COURSE_ID)
VALUES
(964401,2)

INSERT INTO [TAKE]
VALUES
(964401,6)

INSERT INTO [TAKE]
VALUES
(964401,7)

INSERT INTO [TAKE]
VALUES
(964403,2)

INSERT INTO [TAKE]
VALUES
(964403,6)

INSERT INTO [TAKE]
VALUES
(964403,7)

INSERT INTO [TAKE]
VALUES
(964406,2)

INSERT INTO [TAKE]
VALUES
(964406,6)

INSERT INTO [TAKE]
VALUES
(964406,7)

INSERT INTO [TAKE]
VALUES
(964418,2)

INSERT INTO [TAKE]
VALUES
(964418,6)

INSERT INTO [TAKE]
VALUES
(964418,7)

INSERT INTO [TAKE]
VALUES
(964401,1)
INSERT INTO [TAKE]
VALUES
(964403,1)
INSERT INTO [TAKE]
VALUES
(964406,1)
INSERT INTO [TAKE]
VALUES
(964418,1)

INSERT INTO [TAKE]
VALUES
(964401,4)
INSERT INTO [TAKE]
VALUES
(964403,4)
INSERT INTO [TAKE]
VALUES
(964406,4)
INSERT INTO [TAKE]
VALUES
(964418,4)

--INSERT GRADING COMPONENT
INSERT INTO GRADING_COMPONENT
VALUES
('Midterm',3,30,1)
INSERT INTO GRADING_COMPONENT
VALUES
('Final',3,40,1)
INSERT INTO GRADING_COMPONENT
VALUES
('Project',3,30,1)

INSERT INTO GRADING_COMPONENT
VALUES
('Midterm',3,30,2)
INSERT INTO GRADING_COMPONENT
VALUES
('Final',3,70,2)

INSERT INTO GRADING_COMPONENT
VALUES
('Midterm',3,40,3)
INSERT INTO GRADING_COMPONENT
VALUES
('Final',3,60,3)

INSERT INTO GRADING_COMPONENT
VALUES
('Midterm',3,30,4)
INSERT INTO GRADING_COMPONENT
VALUES
('Final',3,40,4)
INSERT INTO GRADING_COMPONENT
VALUES
('Project',3,30,4)

INSERT INTO GRADING_COMPONENT
VALUES
('Midterm',3,30,5)
INSERT INTO GRADING_COMPONENT
VALUES
('Final',3,70,5)

INSERT INTO GRADING_COMPONENT
VALUES
('Midterm',3,30,6)
INSERT INTO GRADING_COMPONENT
VALUES
('Final',3,50,6)
INSERT INTO GRADING_COMPONENT
VALUES
('Project',3,20,6)

INSERT INTO GRADING_COMPONENT
VALUES
('Midterm',3,20,7)
INSERT INTO GRADING_COMPONENT
VALUES
('Final',3,30,7)
INSERT INTO GRADING_COMPONENT
VALUES
('Project',3,50,7)

--INSERT GRADE
INSERT INTO GRADE
VALUES
(1,'Final',964401,10)

INSERT INTO GRADE
VALUES
(1,'Final',964403,40)

INSERT INTO GRADE
VALUES
(1,'Final',964406,20)

INSERT INTO GRADE
VALUES
(1,'Final',964418,25)

INSERT INTO GRADE
VALUES
(1,'Midterm',964401,15)

INSERT INTO GRADE
VALUES
(1,'Midterm',964403,30)

INSERT INTO GRADE
VALUES
(1,'Midterm',964406,20)

INSERT INTO GRADE
VALUES
(1,'Midterm',964418,15)

INSERT INTO GRADE
VALUES
(1,'Project',964401,0)

INSERT INTO GRADE
VALUES
(1,'Project',964403,30)

INSERT INTO GRADE
VALUES
(1,'Project',964406,0)

INSERT INTO GRADE
VALUES
(1,'Project',964418,5)

INSERT INTO GRADE
VALUES
(4,'Final',964401,10)

INSERT INTO GRADE
VALUES
(4,'Final',964403,40)

INSERT INTO GRADE
VALUES
(4,'Final',964406,20)

INSERT INTO GRADE
VALUES
(4,'Final',964418,25)

INSERT INTO GRADE
VALUES
(4,'Midterm',964401,15)

INSERT INTO GRADE
VALUES
(4,'Midterm',964403,30)

INSERT INTO GRADE
VALUES
(4,'Midterm',964406,20)

INSERT INTO GRADE
VALUES
(4,'Midterm',964418,15)

INSERT INTO GRADE
VALUES
(4,'Project',964401,0)

INSERT INTO GRADE
VALUES
(4,'Project',964403,30)

INSERT INTO GRADE
VALUES
(4,'Project',964406,0)

INSERT INTO GRADE
VALUES
(4,'Project',964418,5)

INSERT INTO GRADE
VALUES
(7,'Final',964401,10)
INSERT INTO GRADE
VALUES
(7,'Final',964403,30)
INSERT INTO GRADE
VALUES
(7,'Final',964406,10)
INSERT INTO GRADE
VALUES
(7,'Final',964418,30)

INSERT INTO GRADE
VALUES
(7,'Midterm',964401,10)
INSERT INTO GRADE
VALUES
(7,'Midterm',964403,20)
INSERT INTO GRADE
VALUES
(7,'Midterm',964406,10)
INSERT INTO GRADE
VALUES
(7,'Midterm',964418,20)

INSERT INTO GRADE
VALUES
(7,'Project',964401,10)
INSERT INTO GRADE
VALUES
(7,'Project',964403,25)
INSERT INTO GRADE
VALUES
(7,'Project',964406,25)
INSERT INTO GRADE
VALUES
(7,'Project',964418,30)

